	sent_nr	word_pos	item	surp_10000	surp_30000	surp_100000	surp_300000	surp_1000000	surp_3000000	surp_10000000	surp_30000000	surp_epoch1
0	1	1	101	4.988979	3.29728	2.863694	2.98116	3.722783	4.435917	4.082286	4.023783	4.405149
1	1	2	102	10.268595	11.058625	11.183846	10.647034	9.395885	9.686049	8.921486	8.548016	8.948655
2	1	3	103	6.604028	6.369899	5.802369	5.635458	5.216017	5.997865	5.770838	7.054215	6.766899
3	1	4	104	6.517825	6.106529	6.304446	5.866919	2.251942	1.940566	1.65359	1.347556	1.454811
4	1	5	105	10.804787	11.546673	11.54812	11.378952	10.311533	8.964034	9.11394	8.314888	7.407097
5	2	1	201									
6	2	2	202									
7	2	3	203									
8	2	4	204									
9	2	5	205									
10	2	6	206									
11	3	1	301									
12	3	2	302									
13	3	3	303									
14	3	4	304									
15	3	5	305									
16	4	1	401									
17	4	2	402									
18	4	3	403									
19	4	4	404									
20	4	5	405									
21	4	6	406									
22	4	7	407									
23	4	8	408									
24	5	1	501	4.988979	3.29728	2.863694	2.98116	3.722783	4.435917	4.082286	4.023783	4.405149
25	5	2	502	9.796881	8.862782	8.919074	9.06316	7.876539	7.809708	8.527226	8.386211	7.934144
26	5	3	503	10.371117	9.976295	9.300306	9.546133	8.166822	7.612095	6.822179	6.752038	5.812737
27	5	4	504	6.436341	6.355336	5.983428	5.842198	5.167257	7.763011	6.58455	6.937747	7.494099
28	5	5	505	6.440545	6.103025	6.398407	5.980606	1.976282	1.96163	1.606527	1.39099	1.497203
29	5	6	506	10.851151	10.382292	10.362927	9.676298	8.448159	6.758338	5.672976	4.96232	4.68842
30	6	1	601									
31	6	2	602									
32	6	3	603									
33	6	4	604									
34	6	5	605									
35	7	1	701									
36	7	2	702									
37	7	3	703									
38	7	4	704									
39	7	5	705									
40	8	1	801									
41	8	2	802									
42	8	3	803									
43	8	4	804									
44	8	5	805									
45	8	6	806									
46	9	1	901									
47	9	2	902									
48	9	3	903									
49	9	4	904									
50	9	5	905									
51	9	6	906									
52	10	1	1001	4.988979	3.29728	2.863694	2.98116	3.722783	4.435917	4.082286	4.023783	4.405149
53	10	2	1002	10.159915	9.624594	9.583551	9.56578	7.203763	7.154852	7.735848	8.774322	7.847734
54	10	3	1003	9.803502	8.904398	8.875612	9.023234	9.081721	9.880069	8.255669	7.857454	7.1635
55	10	4	1004	6.436848	6.355458	5.983877	5.845314	5.073319	6.7642	6.850778	7.135105	7.209526
56	10	5	1005	6.440776	6.103033	6.398487	5.982001	2.017625	2.078908	1.689728	1.401721	1.813528
57	10	6	1006	11.033867	11.665373	11.926491	12.119318	10.963181	9.815595	9.671199	9.149634	7.382671
58	11	1	1101									
59	11	2	1102									
60	11	3	1103									
61	11	4	1104									
62	11	5	1105									
63	11	6	1106									
64	12	1	1201	4.988979	3.29728	2.863694	2.98116	3.722783	4.435917	4.082286	4.023783	4.405149
65	12	2	1202	10.357108	11.398967	11.890791	11.757565	11.003925	11.290626	11.293106	11.134385	11.6038
66	12	3	1203	10.594449	11.662827	12.224887	12.310169	11.561991	11.712698	11.090014	9.454763	9.558773
67	12	4	1204	10.921232	11.753567	12.307967	12.822147	12.413701	12.381182	10.714867	12.295588	10.351681
68	12	5	1205	5.027922	4.871581	5.010648	5.284529	4.097161	4.427408	4.377417	4.493237	3.63709
69	12	6	1206	11.106004	11.96093	12.549298	12.887133	12.027681	10.813553	9.977479	9.175877	9.282918
70	13	1	1301	4.988979	3.29728	2.863694	2.98116	3.722783	4.435917	4.082286	4.023783	4.405149
71	13	2	1302	10.299752	11.300957	11.502408	11.566653	10.499252	10.208824	9.52449	9.615962	9.88917
72	13	3	1303	6.604038	6.370075	5.803103	5.638036	5.114318	6.190423	6.222054	6.983351	7.318081
73	13	4	1304	6.517903	6.106569	6.304744	5.868119	2.288503	2.229156	2.143007	1.841721	1.675097
74	13	5	1305	10.880368	10.378302	10.283039	9.971672	7.727632	7.686429	7.357235	6.34455	5.637088
75	14	1	1401									
76	14	2	1402									
77	14	3	1403									
78	14	4	1404									
79	14	5	1405									
80	14	6	1406									
81	14	7	1407									
82	15	1	1501	4.988979	3.29728	2.863694	2.98116	3.722783	4.435917	4.082286	4.023783	4.405149
83	15	2	1502	10.379329	10.242807	10.11244	9.672602	9.609465	10.170552	9.398144	9.956593	9.549219
84	15	3	1503	9.701671	8.604839	8.759909	9.124889	8.845295	8.893341	6.081428	6.713097	7.41109
85	15	4	1504	6.436357	6.355169	5.982788	5.841031	5.425684	7.155495	6.912093	8.078952	7.768003
86	15	5	1505	6.440703	6.103007	6.397923	5.979313	2.032362	1.993366	2.025158	1.894606	1.836276
87	15	6	1506	11.230227	11.996863	12.078413	11.550065	10.980795	9.879889	8.198933	6.919848	5.569802
88	16	1	1601									
89	16	2	1602									
90	16	3	1603									
91	16	4	1604									
92	16	5	1605									
93	16	6	1606									
94	17	1	1701									
95	17	2	1702									
96	17	3	1703									
97	17	4	1704									
98	17	5	1705									
99	17	6	1706									
100	17	7	1707									
101	17	8	1708									
102	18	1	1801	5.857059	4.077425	4.068878	3.956156	4.530036	5.242012	5.004028	5.4566	5.535307
103	18	2	1802	10.290218	10.638587	10.126529	10.428011	9.351473	8.301702	8.583086	9.806437	9.385067
104	18	3	1803	6.604706	6.369925	5.802356	5.630212	6.090983	6.687001	6.63172	8.021702	8.077414
105	18	4	1804	6.517925	6.106435	6.304496	5.862399	2.120856	1.755141	1.446376	1.757343	1.637313
106	18	5	1805	10.244567	9.205876	8.85662	8.488519	7.292101	5.470234	5.182922	5.309568	5.237482
107	19	1	1901									
108	19	2	1902									
109	19	3	1903									
110	19	4	1904									
111	19	5	1905									
112	19	6	1906									
113	19	7	1907									
114	20	1	2001	5.857059	4.077425	4.068878	3.956156	4.530036	5.242012	5.004028	5.4566	5.535307
115	20	2	2002	7.085168	6.951145	6.522516	7.012119	4.119958	3.993366	4.311991	4.832996	4.509377
116	20	3	2003	10.463121	10.530502	10.678332	10.542705	9.447078	10.183067	10.442997	9.45611	9.421936
117	20	4	2004	6.436595	6.355445	5.983994	5.840045	5.219001	6.49114	6.042927	6.080618	6.311153
118	20	5	2005	6.440605	6.102999	6.398513	5.976946	1.850057	1.747166	1.089314	0.685631	0.858224
119	20	6	2006	11.102531	11.699432	11.567102	11.670881	10.935572	9.138825	8.290608	6.205465	4.814679
120	21	1	2101	4.988979	3.29728	2.863694	2.98116	3.722783	4.435917	4.082286	4.023783	4.405149
121	21	2	2102	10.530441	11.471563	11.586126	11.722645	11.143303	10.670351	9.861347	9.820917	10.327765
122	21	3	2103	10.686441	11.702433	11.683026	11.281454	10.44847	11.028436	8.712519	6.7421	5.878829
123	21	4	2104	6.436547	6.355247	5.982794	5.840672	5.153446	5.894791	6.055158	6.094567	6.443665
124	21	5	2105	6.440456	6.102901	6.397962	5.979238	2.020126	1.868333	2.011787	1.84857	1.914187
125	21	6	2106	11.029418	11.768989	12.180294	12.516579	12.100468	10.331959	8.478539	6.534891	4.938483
126	22	1	2201	4.988979	3.29728	2.863694	2.98116	3.722783	4.435917	4.082286	4.023783	4.405149
127	22	2	2202	10.313957	10.982882	10.454914	10.731376	9.153481	9.13903	9.400066	8.817999	9.002186
128	22	3	2203	10.160785	9.376232	9.081907	9.145363	7.036446	7.245871	6.777209	7.418242	8.294386
129	22	4	2204	5.133334	4.747112	4.844189	5.152858	5.119777	4.687259	3.36201	4.167181	4.412633
130	22	5	2205	10.935506	11.371149	11.497194	11.299475	10.018862	8.458457	8.012676	6.81918	6.648088
131	23	1	2301									
132	23	2	2302									
133	23	3	2303									
134	23	4	2304									
135	23	5	2305									
136	23	6	2306									
137	23	7	2307									
138	23	8	2308									
139	24	1	2401									
140	24	2	2402									
141	24	3	2403									
142	24	4	2404									
143	24	5	2405									
144	24	6	2406									
145	24	7	2407									
146	25	1	2501	9.560852	8.619536	8.389066	8.135821	7.911018	8.224093	9.99126	9.632719	9.377976
147	25	2	2502	10.444555	11.362372	11.753906	11.769066	11.324022	10.599687	11.051599	12.132989	11.769037
148	25	3	2503	10.539837	11.327257	10.575135	10.508233	10.252655	8.423086	6.879034	2.926921	1.528805
149	25	4	2504	6.268661	6.46019	5.809889	5.970708	4.475197	2.879225	3.25997	2.90634	3.835769
150	25	5	2505	10.712723	10.988951	9.451339	9.791379	8.631164	8.89163	8.692169	8.768658	7.986572
151	26	1	2601									
152	26	2	2602									
153	26	3	2603									
154	26	4	2604									
155	26	5	2605									
156	26	6	2606									
157	27	1	2701	4.988979	3.29728	2.863694	2.98116	3.722783	4.435917	4.082286	4.023783	4.405149
158	27	2	2702	10.447333	11.555012	12.359147	12.632958	12.142607	11.937369	11.321785	11.226814	11.103491
159	27	3	2703	8.891685	8.448944	8.469992	7.798788	8.121818	6.758837	6.074332	4.854507	3.919753
160	27	4	2704	5.132964	4.74716	4.843911	5.152955	3.365881	3.497238	3.728037	3.865477	3.800917
161	27	5	2705	10.906507	11.684917	12.135756	12.296087	11.892957	10.099547	9.35029	9.573003	9.368273
162	28	1	2801									
163	28	2	2802									
164	28	3	2803									
165	28	4	2804									
166	28	5	2805									
167	28	6	2806									
168	28	7	2807									
169	29	1	2901									
170	29	2	2902									
171	29	3	2903									
172	29	4	2904									
173	29	5	2905									
174	29	6	2906									
175	29	7	2907									
176	29	8	2908									
177	30	1	3001	4.988979	3.29728	2.863694	2.98116	3.722783	4.435917	4.082286	4.023783	4.405149
178	30	2	3002	10.281854	11.39032	12.145235	12.302921	11.594309	11.632988	10.431019	10.960312	11.048435
179	30	3	3003	10.673288	11.519949	11.892733	11.79862	11.046658	11.230083	9.80096	7.958762	6.583502
180	30	4	3004	6.437013	6.355491	5.983358	5.840362	5.495327	6.36215	6.042325	6.583523	6.766796
181	30	5	3005	6.440688	6.102977	6.398208	5.979404	2.011718	2.04557	2.643436	2.265371	1.573964
182	30	6	3006	10.876709	11.702557	12.024313	12.554381	12.274748	10.886093	9.334676	8.374071	7.937038
183	31	1	3101									
184	31	2	3102									
185	31	3	3103									
186	31	4	3104									
187	31	5	3105									
188	32	1	3201									
189	32	2	3202									
190	32	3	3203									
191	32	4	3204									
192	32	5	3205									
193	32	6	3206									
194	33	1	3301	4.988979	3.29728	2.863694	2.98116	3.722783	4.435917	4.082286	4.023783	4.405149
195	33	2	3302	10.232984	11.186143	12.065744	11.69351	11.211333	12.036465	10.907757	11.521727	11.581982
196	33	3	3303	10.809601	11.628418	12.136809	11.656185	11.128642	10.288052	7.783731	6.002184	5.138352
197	33	4	3304	5.133458	4.747163	4.844093	5.151756	4.345915	3.996775	3.808701	3.983064	3.995352
198	33	5	3305	10.537722	10.317516	9.833241	9.688731	8.052374	7.142037	6.071893	5.895564	5.321454
199	34	1	3401									
200	34	2	3402									
201	34	3	3403									
202	34	4	3404									
203	34	5	3405									
204	34	6	3406									
205	34	7	3407									
206	35	1	3501	4.988979	3.29728	2.863694	2.98116	3.722783	4.435917	4.082286	4.023783	4.405149
207	35	2	3502	10.38798	11.182657	11.921638	11.914214	10.815533	9.505825	8.750054	9.194628	9.569918
208	35	3	3503	10.4906	10.136696	9.525404	9.499273	7.939754	6.917255	5.817331	5.610692	6.855943
209	35	4	3504	6.43693	6.355406	5.983708	5.845305	5.556965	7.255172	6.475021	6.980512	6.260472
210	35	5	3505	6.440801	6.103004	6.398359	5.981771	2.02794	2.101049	2.592721	2.27684	2.290029
211	35	6	3506	10.974679	11.639116	11.90909	11.210327	10.615385	9.031283	7.830178	6.911493	6.21285
212	36	1	3601	4.988979	3.29728	2.863694	2.98116	3.722783	4.435917	4.082286	4.023783	4.405149
213	36	2	3602	10.05163	10.350322	10.394701	10.31191	9.480135	9.66643	8.911558	9.722275	8.387119
214	36	3	3603	10.785584	11.793575	12.022823	11.56107	10.49998	9.887013	8.650156	8.220833	7.574709
215	36	4	3604	10.105526	8.973095	8.897187	8.862343	8.437106	8.463195	8.049103	8.948899	7.125017
216	36	5	3605	6.353836	6.365866	6.12254	5.96611	5.450854	5.836267	5.64392	7.105064	7.074733
217	36	6	3606	6.39992	6.108364	6.471894	6.072557	1.954358	1.406091	1.452292	1.664215	1.799823
218	36	7	3607	11.148191	10.864156	9.573632	10.140429	7.708903	6.113893	5.692787	4.35893	4.526493
219	37	1	3701									
220	37	2	3702									
221	37	3	3703									
222	37	4	3704									
223	37	5	3705									
224	37	6	3706									
225	37	7	3707									
226	38	1	3801									
227	38	2	3802									
228	38	3	3803									
229	38	4	3804									
230	38	5	3805									
231	39	1	3901									
232	39	2	3902									
233	39	3	3903									
234	39	4	3904									
235	39	5	3905									
236	40	1	4001									
237	40	2	4002									
238	40	3	4003									
239	40	4	4004									
240	40	5	4005									
241	40	6	4006									
242	41	1	4101									
243	41	2	4102									
244	41	3	4103									
245	41	4	4104									
246	41	5	4105									
247	41	6	4106									
248	41	7	4107									
249	42	1	4201	7.334354	6.153165	5.628923	5.361998	5.449049	6.673047	6.979763	6.779644	6.441531
250	42	2	4202	4.784022	3.828616	4.021341	4.035113	3.140687	2.501017	3.086513	3.495375	2.635341
251	42	3	4203	7.00785	6.931891	7.177836	6.842272	5.56312	5.330642	4.976925	5.93048	5.666516
252	42	4	4204	9.075953	7.585612	7.702104	7.574513	7.116571	6.753922	7.48945	6.126098	6.60429
253	42	5	4205	6.353652	6.365602	6.121709	5.960396	4.872226	4.425306	5.228729	5.559518	5.238201
254	42	6	4206	6.40006	6.108356	6.471561	6.068208	1.93749	1.489153	1.123894	1.166665	1.046036
255	42	7	4207	10.972848	9.345507	9.265835	9.30398	7.255224	6.103507	5.447535	3.246317	1.277139
256	43	1	4301	7.378385	6.543521	6.111859	5.860247	6.389384	7.058503	6.871354	7.231789	7.411224
257	43	2	4302	10.180905	10.601393	10.771672	10.486269	8.495489	6.36299	7.132229	6.773289	6.156731
258	43	3	4303	5.355365	4.578442	4.584437	4.871895	5.040461	4.059448	4.958138	4.318191	4.492283
259	43	4	4304	10.989635	10.842914	10.610019	10.783221	9.443254	7.385235	6.501499	5.921933	5.01283
260	44	1	4401									
261	44	2	4402									
262	44	3	4403									
263	44	4	4404									
264	44	5	4405									
265	44	6	4406									
266	44	7	4407									
267	45	1	4501	4.988979	3.29728	2.863694	2.98116	3.722783	4.435917	4.082286	4.023783	4.405149
268	45	2	4502	10.086807	10.060397	9.916464	9.520638	10.469135	9.965404	8.751035	9.201393	9.109676
269	45	3	4503	10.617746	9.63355	10.062517	9.75156	9.462	9.177176	10.229795	10.626162	9.838332
270	45	4	4504	6.436831	6.355436	5.983215	5.842401	5.39868	6.568467	6.7358	6.947371	8.044642
271	45	5	4505	6.440644	6.10298	6.39816	5.980074	1.98344	1.988224	1.442743	1.666002	2.163034
272	45	6	4506	10.738464	11.51689	12.198417	11.914464	11.204973	8.870409	8.060241	7.272131	6.799521
273	46	1	4601									
274	46	2	4602									
275	46	3	4603									
276	46	4	4604									
277	46	5	4605									
278	46	6	4606									
279	47	1	4701	4.988979	3.29728	2.863694	2.98116	3.722783	4.435917	4.082286	4.023783	4.405149
280	47	2	4702	9.171452	8.380082	8.652333	8.185563	6.543682	6.361941	5.782722	6.11945	6.452117
281	47	3	4703	10.003029	9.694091	9.267208	9.210748	8.98739	7.619077	7.373742	7.405041	7.140648
282	47	4	4704	6.436487	6.355433	5.983962	5.845594	5.295835	6.53125	6.150052	6.777945	5.67387
283	47	5	4705	6.440544	6.103013	6.398491	5.981629	2.116662	2.129773	2.668083	2.069542	1.736385
284	47	6	4706	10.956692	11.806537	12.533854	12.263636	12.367458	10.793439	8.631319	7.273347	6.25819
285	48	1	4801	4.988979	3.29728	2.863694	2.98116	3.722783	4.435917	4.082286	4.023783	4.405149
286	48	2	4802	10.401856	11.421761	11.772849	11.562737	10.311987	10.115868	9.779961	9.686449	9.809385
287	48	3	4803	4.27376	3.690578	3.907426	3.885114	1.168639	1.009097	1.160485	1.017634	0.858153
288	48	4	4804	10.768806	11.665525	12.476697	12.984856	12.95744	12.204503	11.493907	10.377459	9.26426
289	48	5	4805	6.354049	6.365829	6.122557	5.96387	6.080659	5.735191	6.243061	6.254247	5.769225
290	48	6	4806	6.400043	6.108361	6.471943	6.072848	1.844674	1.608125	2.35852	1.727298	1.417534
291	48	7	4807	10.925048	11.660125	11.316073	11.095495	9.999368	8.570722	7.469659	5.818923	6.546369
292	49	1	4901	4.988979	3.29728	2.863694	2.98116	3.722783	4.435917	4.082286	4.023783	4.405149
293	49	2	4902	10.289683	11.157506	11.907231	11.783589	11.296625	11.730032	12.058132	12.137636	12.196039
294	49	3	4903	10.530586	11.147596	11.732251	11.490067	10.624263	10.709355	10.46546	9.665151	8.105749
295	49	4	4904	6.436173	6.35531	5.983755	5.842844	5.762464	6.387259	5.113448	5.68877	6.788569
296	49	5	4905	6.440446	6.102954	6.398362	5.980374	2.047063	1.502245	1.00082	0.996978	1.572142
297	49	6	4906	10.876234	10.806589	10.585278	10.816366	8.525064	7.679874	6.280235	5.793132	6.779049
298	50	1	5001	4.988979	3.29728	2.863694	2.98116	3.722783	4.435917	4.082286	4.023783	4.405149
299	50	2	5002	10.523459	11.679889	12.066754	12.294365	11.544901	11.31258	10.989429	11.1113	11.604482
300	50	3	5003	4.546429	4.377974	4.345566	4.243784	3.780363	3.083406	2.926933	2.84768	2.765249
301	50	4	5004	3.101762	2.652776	2.610231	2.760455	1.317016	1.434636	0.810004	0.698017	0.605333
302	50	5	5005	11.251212	12.052402	12.339827	12.784017	10.44494	9.883679	7.776037	6.873016	6.910821
303	50	6	5006	6.309447	6.379238	6.222646	6.041772	6.108869	6.715852	6.693217	7.630684	7.726269
304	50	7	5007	6.377208	6.114512	6.527464	6.15229	2.357603	1.647758	2.148741	1.741068	1.645128
305	50	8	5008	10.726247	8.497577	8.391409	8.679607	6.793249	6.311119	7.067799	6.072264	6.267216
306	51	1	5101									
307	51	2	5102									
308	51	3	5103									
309	51	4	5104									
310	51	5	5105									
311	52	1	5201									
312	52	2	5202									
313	52	3	5203									
314	52	4	5204									
315	52	5	5205									
316	52	6	5206									
317	53	1	5301									
318	53	2	5302									
319	53	3	5303									
320	53	4	5304									
321	53	5	5305									
322	53	6	5306									
323	53	7	5307									
324	53	8	5308									
325	54	1	5401	4.988979	3.29728	2.863694	2.98116	3.722783	4.435917	4.082286	4.023783	4.405149
326	54	2	5402	9.890127	8.967632	8.699491	8.34714	8.195114	8.238199	8.630316	7.898885	7.617081
327	54	3	5403	10.40643	11.4159	12.332404	12.757627	11.844617	11.930697	11.624483	11.768372	12.0135
328	54	4	5404	5.132883	4.746702	4.843285	5.145857	3.950737	4.971827	5.085198	4.153177	4.488883
329	54	5	5405	11.083465	11.208645	11.395016	10.660331	10.144672	8.321689	7.683095	7.790501	7.243435
330	55	1	5501	4.988979	3.29728	2.863694	2.98116	3.722783	4.435917	4.082286	4.023783	4.405149
331	55	2	5502	10.469407	11.59342	12.434548	12.999086	12.020568	11.670176	11.472417	11.404804	11.40992
332	55	3	5503	8.747482	7.627205	7.759116	7.286196	8.01469	8.574938	7.168113	6.38362	5.329439
333	55	4	5504	6.436438	6.355346	5.983436	5.842265	6.346278	6.859314	6.617383	6.621905	6.254796
334	55	5	5505	6.440533	6.10298	6.398317	5.980412	2.135189	1.608334	1.758586	1.451999	1.29757
335	55	6	5506	10.874693	11.595948	11.460485	11.400926	9.68541	7.970426	7.721279	6.174208	5.53718
336	56	1	5601									
337	56	2	5602									
338	56	3	5603									
339	56	4	5604									
340	56	5	5605									
341	56	6	5606									
342	57	1	5701	7.378385	6.543521	6.111859	5.860247	6.389384	7.058503	6.871354	7.231789	7.411224
343	57	2	5702	8.40625	7.672117	7.755454	7.435502	5.224881	4.243692	4.282741	4.70548	4.777477
344	57	3	5703	10.454073	10.45469	9.812264	9.958155	8.791613	7.152569	6.512105	5.582967	4.474567
345	57	4	5704	6.43687	6.355258	5.983495	5.839194	6.237731	7.994827	8.743583	8.644767	8.187006
346	57	5	5705	6.440906	6.103045	6.39868	5.976409	1.77349	2.012619	1.721034	1.149354	1.65981
347	57	6	5706	10.446595	9.924299	9.542915	9.136798	8.2579	7.443471	6.4839	4.914635	3.256402
348	58	1	5801									
349	58	2	5802									
350	58	3	5803									
351	58	4	5804									
352	58	5	5805									
353	58	6	5806									
354	58	7	5807									
355	59	1	5901	9.560852	8.619536	8.389066	8.135821	7.911018	8.224093	9.99126	9.632719	9.377976
356	59	2	5902	8.406792	7.672384	7.755543	7.435496	7.159928	6.714471	6.169077	7.123842	7.22916
357	59	3	5903	10.642564	10.466185	10.371173	10.333365	9.091313	7.329979	5.811335	5.988409	5.238463
358	59	4	5904	6.269473	6.46047	5.810396	5.97388	4.858966	4.19342	3.700805	3.361225	4.264304
359	59	5	5905	10.640435	10.175955	9.998112	9.577175	7.231581	6.321063	3.96963	3.40248	2.809524
360	60	1	6001									
361	60	2	6002									
362	60	3	6003									
363	60	4	6004									
364	60	5	6005									
365	61	1	6101	5.857059	4.077425	4.068878	3.956156	4.530036	5.242012	5.004028	5.4566	5.535307
366	61	2	6102	10.456566	11.090498	10.42017	10.666638	8.760236	7.68741	7.401258	7.310037	8.196964
367	61	3	6103	10.803256	11.618931	11.930988	12.058367	11.167429	10.414874	10.176797	10.302653	10.524593
368	61	4	6104	10.380821	9.927446	9.59831	9.500439	9.412305	7.339331	6.764409	6.423697	4.962021
369	61	5	6105	5.028006	4.871346	5.010396	5.275983	3.765255	4.366989	4.385806	4.878769	4.609884
370	61	6	6106	10.922958	11.701938	11.928179	11.973333	12.183807	10.95328	10.112627	9.882414	9.758489
371	62	1	6201									
372	62	2	6202									
373	62	3	6203									
374	62	4	6204									
375	62	5	6205									
376	62	6	6206									
377	63	1	6301									
378	63	2	6302									
379	63	3	6303									
380	63	4	6304									
381	63	5	6305									
382	64	1	6401									
383	64	2	6402									
384	64	3	6403									
385	64	4	6404									
386	64	5	6405									
387	65	1	6501	5.857059	4.077425	4.068878	3.956156	4.530036	5.242012	5.004028	5.4566	5.535307
388	65	2	6502	10.230061	11.038383	10.896488	10.365898	9.463135	9.733069	10.101293	9.715262	10.216198
389	65	3	6503	10.458881	11.546518	12.33251	12.78241	11.987528	11.035212	9.903103	6.604984	4.18047
390	65	4	6504	5.133129	4.746562	4.843278	5.1361	4.432452	4.382398	4.603036	5.207582	4.913984
391	65	5	6505	10.670906	10.618395	9.866676	10.036655	8.083923	7.902824	7.234908	4.593208	4.576049
392	66	1	6601									
393	66	2	6602									
394	66	3	6603									
395	66	4	6604									
396	66	5	6605									
397	66	6	6606									
398	66	7	6607									
399	67	1	6701									
400	67	2	6702									
401	67	3	6703									
402	67	4	6704									
403	67	5	6705									
404	67	6	6706									
405	67	7	6707									
406	67	8	6708									
407	68	1	6801	4.988979	3.29728	2.863694	2.98116	3.722783	4.435917	4.082286	4.023783	4.405149
408	68	2	6802	10.313427	9.693345	9.128084	9.26404	7.465969	7.332109	7.490639	7.978128	7.6185
409	68	3	6803	5.354214	4.577977	4.584181	4.887769	3.802448	3.080045	3.940142	4.124474	4.19782
410	68	4	6804	10.776563	11.007799	10.854749	10.765627	9.57771	8.041527	8.698797	7.979171	8.187172
411	69	1	6901									
412	69	2	6902									
413	69	3	6903									
414	69	4	6904									
415	69	5	6905									
416	69	6	6906									
417	69	7	6907									
418	70	1	7001	4.988979	3.29728	2.863694	2.98116	3.722783	4.435917	4.082286	4.023783	4.405149
419	70	2	7002	9.952509	9.546552	9.5185	9.422342	8.391778	9.167813	8.635891	8.671139	8.144979
420	70	3	7003	10.571409	11.52785	12.106344	12.191987	11.571865	11.462504	11.125504	10.822001	9.9877
421	70	4	7004	9.882401	9.9666	8.793665	9.125844	8.161324	6.776021	5.166444	1.304669	1.512913
422	70	5	7005	4.266642	4.330616	4.256434	4.492668	2.711535	3.118537	2.725768	2.464567	3.085042
423	70	6	7006	10.951775	10.903254	10.134172	9.790573	8.93996	9.956236	10.246176	9.50117	9.940397
424	71	1	7101	10.022554	9.469262	9.542097	9.390306	9.241139	9.32268	10.78134	10.507954	10.39195
425	71	2	7102	7.084449	6.950624	6.522387	7.016199	5.799041	6.000663	6.06381	5.662299	6.802513
426	71	3	7103	10.450989	10.505116	9.907742	10.190922	8.687417	7.599766	7.677286	6.581223	7.313985
427	71	4	7104	6.436902	6.355159	5.982592	5.834579	5.24509	5.596509	5.535562	5.321349	4.745829
428	71	5	7105	6.440866	6.102938	6.397888	5.973623	1.769679	1.529434	1.382753	1.308701	1.082844
429	71	6	7106	10.50189	11.144979	11.497074	11.415194	10.289796	8.724146	6.253424	4.45579	2.959386
430	72	1	7201	9.144771	8.628376	8.656391	8.154655	8.066107	7.582286	7.639163	8.020199	7.815016
431	72	2	7202	5.413651	4.727596	4.797873	4.852751	4.544441	4.270494	3.928685	3.607835	3.767987
432	72	3	7203	3.234799	2.620359	2.621892	2.794389	1.667131	2.404413	1.916204	1.856222	1.969665
433	72	4	7204	10.707031	11.473946	11.448003	11.467008	10.150935	10.039591	8.507883	6.966911	5.680086
434	72	5	7205	6.35374	6.365787	6.122626	5.973939	7.01146	8.039407	6.465669	6.248414	5.581629
435	72	6	7206	6.399929	6.108386	6.472065	6.078359	2.230633	1.725864	1.176917	1.010347	1.14929
436	72	7	7207	11.256892	11.505363	11.505426	11.491442	10.114104	9.205315	8.587986	7.336206	5.750699
437	73	1	7301									
438	73	2	7302									
439	73	3	7303									
440	73	4	7304									
441	73	5	7305									
442	73	6	7306									
443	73	7	7307									
444	74	1	7401									
445	74	2	7402									
446	74	3	7403									
447	74	4	7404									
448	74	5	7405									
449	75	1	7501	4.988979	3.29728	2.863694	2.98116	3.722783	4.435917	4.082286	4.023783	4.405149
450	75	2	7502	10.417336	11.365393	11.646964	11.223477	10.443466	9.834497	10.467027	10.902785	10.272234
451	75	3	7503	10.540771	10.196368	10.07085	10.239385	9.110601	8.808563	6.687973	6.228356	6.221431
452	75	4	7504	5.13338	4.746971	4.843701	5.150203	4.043202	4.339062	3.43144	4.373122	5.552555
453	75	5	7505	10.768412	11.705633	12.229959	12.72841	12.31049	11.198173	11.681635	11.441559	11.505455
454	76	1	7601	4.988979	3.29728	2.863694	2.98116	3.722783	4.435917	4.082286	4.023783	4.405149
455	76	2	7602	10.55214	11.378997	10.760005	11.30473	11.186424	11.707249	10.468647	10.874483	10.388802
456	76	3	7603	10.510665	11.271492	11.202342	11.836731	10.629111	10.31058	9.653374	8.997122	7.950632
457	76	4	7604	6.436775	6.355359	5.983069	5.842648	5.358406	6.527442	6.273363	6.745183	7.135813
458	76	5	7605	6.440605	6.102976	6.398131	5.979583	2.003952	1.844208	1.723995	1.309083	1.14735
459	76	6	7606	10.940699	11.295232	11.736305	11.927874	11.629506	9.506827	8.539717	7.286975	6.378139
460	77	1	7701	4.988979	3.29728	2.863694	2.98116	3.722783	4.435917	4.082286	4.023783	4.405149
461	77	2	7702	9.454224	8.761739	8.693132	8.731494	7.335082	7.362118	7.738708	7.188225	7.006246
462	77	3	7703	4.273804	3.69072	3.907779	3.887942	1.032323	0.820105	0.36313	0.251283	0.192917
463	77	4	7704	3.102635	2.652887	2.610346	2.762663	1.13286	1.17491	0.926898	1.121782	1.509233
464	77	5	7705	10.773411	11.738329	12.472523	12.644234	12.108887	11.973463	11.675741	10.993225	10.817525
465	77	6	7706	4.974258	4.952926	5.119616	5.370174	4.257386	4.452008	3.606863	5.210155	5.932209
466	77	7	7707	10.779061	11.003769	10.293852	10.890108	9.161586	8.201756	7.410968	7.527893	7.907393
467	78	1	7801									
468	78	2	7802									
469	78	3	7803									
470	78	4	7804									
471	78	5	7805									
472	78	6	7806									
473	79	1	7901									
474	79	2	7902									
475	79	3	7903									
476	79	4	7904									
477	79	5	7905									
478	79	6	7906									
479	80	1	8001									
480	80	2	8002									
481	80	3	8003									
482	80	4	8004									
483	80	5	8005									
484	80	6	8006									
485	81	1	8101									
486	81	2	8102									
487	81	3	8103									
488	81	4	8104									
489	81	5	8105									
490	82	1	8201	4.988979	3.29728	2.863694	2.98116	3.722783	4.435917	4.082286	4.023783	4.405149
491	82	2	8202	9.897208	8.869644	8.825719	9.151423	9.483864	10.425462	11.86407	10.677593	10.824463
492	82	3	8203	6.70139	6.748352	6.411935	6.982268	6.66378	6.897258	7.402886	6.533027	6.316016
493	82	4	8204	10.715202	11.634547	12.393286	12.881663	11.612078	11.343691	10.018747	8.59415	7.935863
494	82	5	8205	6.353778	6.365486	6.121582	5.961969	5.23054	8.105118	7.262899	7.806495	8.233468
495	82	6	8206	6.400062	6.10832	6.471816	6.071785	1.844499	1.985152	2.227802	1.487826	1.621417
496	82	7	8207	11.255436	11.926264	11.849215	11.710951	10.206738	8.921289	8.008643	6.371073	5.985773
497	83	1	8301	4.988979	3.29728	2.863694	2.98116	3.722783	4.435917	4.082286	4.023783	4.405149
498	83	2	8302	9.566708	9.316045	8.973831	8.812728	7.199396	6.915917	7.512759	7.707859	7.382277
499	83	3	8303	9.683094	9.059269	8.618018	9.108883	7.566378	7.860091	7.413372	8.403117	6.849659
500	83	4	8304	6.43626	6.355307	5.983597	5.842434	5.005301	6.00473	4.849367	5.381972	6.401851
501	83	5	8305	6.44045	6.102937	6.398328	5.980186	2.023717	1.728886	2.133372	1.774388	1.630693
502	83	6	8306	9.967294	8.92452	8.68648	8.843653	6.555072	5.625361	5.525246	5.667912	5.691965
503	84	1	8401									
504	84	2	8402									
505	84	3	8403									
506	84	4	8404									
507	84	5	8405									
508	84	6	8406									
509	85	1	8501	4.988979	3.29728	2.863694	2.98116	3.722783	4.435917	4.082286	4.023783	4.405149
510	85	2	8502	10.011675	9.643054	9.473454	9.256744	7.884904	7.420226	7.688782	7.910144	7.743139
511	85	3	8503	6.60367	6.369777	5.802393	5.636039	5.471877	6.505911	5.671692	6.415987	6.119564
512	85	4	8504	6.517858	6.106506	6.304335	5.867075	2.291536	1.867459	2.582083	2.773097	2.309135
513	85	5	8505	10.759539	11.702071	12.35536	12.545469	11.915219	9.648139	8.695119	8.264174	7.021902
514	86	1	8601	7.378385	6.543521	6.111859	5.860247	6.389384	7.058503	6.871354	7.231789	7.411224
515	86	2	8602	10.29388	11.08449	11.414174	11.104718	9.545788	7.425588	7.15057	7.87003	7.752675
516	86	3	8603	9.817045	9.292842	9.197205	8.839657	7.583812	6.68647	6.358882	6.609099	6.096317
517	86	4	8604	6.43675	6.355357	5.983429	5.836507	5.985052	7.092901	7.476459	7.756129	7.540046
518	86	5	8605	6.440881	6.103036	6.398311	5.974967	1.819214	1.817286	1.854059	1.146723	1.608465
519	86	6	8606	10.205897	9.148964	9.303382	9.15925	6.698401	4.976181	4.607378	3.806489	3.324576
520	87	1	8701	4.988979	3.29728	2.863694	2.98116	3.722783	4.435917	4.082286	4.023783	4.405149
521	87	2	8702	10.318766	11.464043	12.333352	12.711265	12.183565	12.165303	11.554628	11.138872	11.471898
522	87	3	8703	6.701923	6.74857	6.412206	6.982803	6.979778	7.647638	7.68819	5.914563	5.237555
523	87	4	8704	9.773763	8.736928	8.540851	8.257558	7.475209	6.895335	5.928704	6.441133	6.454
524	87	5	8705	5.028801	4.871111	5.00994	5.281732	3.997472	3.61769	3.56874	4.324704	4.720757
525	87	6	8706	10.168327	9.376591	9.235863	9.055987	6.026285	6.088707	5.197773	5.171916	5.102248
526	88	1	8801	4.988979	3.29728	2.863694	2.98116	3.722783	4.435917	4.082286	4.023783	4.405149
527	88	2	8802	9.927872	9.007664	8.779657	8.955272	6.223746	6.687776	7.553726	6.800996	6.551497
528	88	3	8803	10.833369	11.55437	11.437634	10.97402	10.717278	10.611064	9.763892	8.856863	7.320796
529	88	4	8804	6.43615	6.355314	5.983716	5.843188	5.236936	6.269184	5.975297	7.155584	7.064973
530	88	5	8805	6.44054	6.103022	6.398405	5.980668	2.014858	1.731703	1.292896	1.311537	1.462969
531	88	6	8806	10.86278	11.754944	12.437691	12.622696	12.225312	10.509516	10.054077	9.17745	7.949871
532	89	1	8901	4.988979	3.29728	2.863694	2.98116	3.722783	4.435917	4.082286	4.023783	4.405149
533	89	2	8902	9.927872	9.007664	8.779657	8.955272	6.223746	6.687776	7.553726	6.800996	6.551497
534	89	3	8903	10.409007	10.852804	10.842998	10.299936	9.487969	8.954764	8.876854	8.224491	6.904135
535	89	4	8904	6.436395	6.355301	5.983356	5.841818	5.423418	6.950375	7.352334	7.972914	7.591807
536	89	5	8905	6.440676	6.10305	6.398418	5.980466	2.006693	1.760591	1.656454	1.788296	1.520699
537	89	6	8906	10.556827	10.307349	9.775753	9.946815	7.823316	6.530391	6.199366	5.866845	5.522978
538	90	1	9001	5.857059	4.077425	4.068878	3.956156	4.530036	5.242012	5.004028	5.4566	5.535307
539	90	2	9002	10.463077	11.601956	12.353145	12.487242	10.876459	10.229514	9.264202	9.570844	9.990236
540	90	3	9003	9.877129	8.503666	8.554257	8.240095	7.696239	7.36271	5.17621	5.049848	5.283958
541	90	4	9004	5.133189	4.747061	4.84426	5.143816	4.666478	3.800582	4.872294	5.62842	5.230821
542	90	5	9005	10.791871	10.810179	11.320606	10.907129	9.78858	9.358988	9.936111	9.29079	8.540161
543	91	1	9101									
544	91	2	9102									
545	91	3	9103									
546	91	4	9104									
547	91	5	9105									
548	92	1	9201									
549	92	2	9202									
550	92	3	9203									
551	92	4	9204									
552	92	5	9205									
553	92	6	9206									
554	93	1	9301									
555	93	2	9302									
556	93	3	9303									
557	93	4	9304									
558	93	5	9305									
559	93	6	9306									
560	94	1	9401									
561	94	2	9402									
562	94	3	9403									
563	94	4	9404									
564	94	5	9405									
565	94	6	9406									
566	95	1	9501	4.988979	3.29728	2.863694	2.98116	3.722783	4.435917	4.082286	4.023783	4.405149
567	95	2	9502	10.350213	10.778731	10.201981	10.473236	9.304806	10.297991	10.667995	9.569008	9.789646
568	95	3	9503	6.604324	6.369912	5.802381	5.636176	4.967647	5.969554	6.858845	7.779861	8.275288
569	95	4	9504	6.517946	6.106568	6.304543	5.867602	2.270833	1.911639	1.916139	1.613761	2.081657
570	95	5	9505	10.988535	11.795856	12.411992	13.032582	12.656343	11.254864	10.530794	10.138748	9.747518
571	96	1	9601	4.988979	3.29728	2.863694	2.98116	3.722783	4.435917	4.082286	4.023783	4.405149
572	96	2	9602	10.059324	9.922897	9.898547	9.535522	9.256714	9.419758	9.543768	9.299114	9.435221
573	96	3	9603	10.57724	11.03863	10.822658	10.371534	9.735857	9.012733	6.743614	6.865142	7.585968
574	96	4	9604	6.436663	6.355276	5.982605	5.840961	5.760174	7.29763	6.971642	7.577765	8.182822
575	96	5	9605	6.440657	6.102928	6.397666	5.978615	2.043166	2.198362	2.056237	1.803331	1.851205
576	96	6	9606	11.2966	11.432753	11.570924	11.411159	9.237576	8.208269	7.948659	6.874743	6.387999
